{
    "tests": [
        {
            "description": "the solve method produces a valid solution.",
            "traceback": "AssertionError: False is not true : The solution was not valid for diagonal sudoku.\n",
            "message": "The solution was not valid for diagonal sudoku.",
            "advice": "Try your code on the following example:\n9.1....8.8.5.7..4.2.4....6...7......5..............83.3..6......9................\n",
            "result": "F",
            "rubric_item_id": "5530"
        },
        {
            "description": "the naked_twins method applies the 'naked twins' heuristic.",
            "traceback": "",
            "message": null,
            "advice": null,
            "result": ".",
            "rubric_item_id": "5531"
        },
        {
            "description": "the README has been modified.",
            "traceback": "",
            "message": null,
            "advice": null,
            "result": ".",
            "rubric_item_id": null
        }
    ]
}